nombreRol;nombrePermiso;acceso
Administrador;ClassConfig;1
Administrador;FormAuditoria;1
Administrador;FormAccesoRestringido;1
Administrador;FormActualizarStock;1
Administrador;FormCajaRegistradora;1
Administrador;FormCliente;1
Administrador;FormConfiguracion;1
Administrador;FormConsumos;1
Administrador;FormCuentaCorrienteMovimientos;1
Administrador;FormGestionCuentasCorrientes;1
Administrador;FormGestionarPedidos;1
Administrador;FormHistoriaClinica;1
Administrador;FormHistorialTurnos;1
Administrador;FormHospitalizaciones;1
Administrador;FormLaboratorio;1
Administrador;FormMascota;1
Administrador;FormOrdenesCompra;1
Administrador;FormProcedimientos;1
Administrador;FormProducto;1
Administrador;FormProveedores;1
Administrador;FormRecibirPedido;1
Administrador;FormStockProducto;1
Administrador;FormTurnosPeluqueria;1
Administrador;FormUsuario;1
Administrador;FormVisita;1
Administrador;FormActualizarStock.IMPRIMIR;1
Administrador;FormAuditoria.IMPRIMIR;1
Administrador;FormCajaRegistradora.ABRIR_CAJA;1
Administrador;FormCajaRegistradora.AGREGAR_METODO_PAGO;1
Administrador;FormCajaRegistradora.AGREGAR_PRODUCTO_VENTA;1
Administrador;FormCajaRegistradora.CERRAR_CAJA;1
Administrador;FormCajaRegistradora.EDITAR;1
Administrador;FormCajaRegistradora.ELIMINAR;1
Administrador;FormCajaRegistradora.EXPORTAR;1
Administrador;FormCajaRegistradora.GUARDAR;1
Administrador;FormCajaRegistradora.IMPRIMIR;1
Administrador;FormCajaRegistradora.NUEVO;1
Administrador;FormCajaRegistradora.REGISTRAR_COBRO_CC;1
Administrador;FormCajaRegistradora.REGISTRAR_VENTA;1
Administrador;FormCliente.EDITAR;1
Administrador;FormCliente.ELIMINAR;1
Administrador;FormCliente.EXPORTAR;1
Administrador;FormCliente.GUARDAR;1
Administrador;FormCliente.IMPRIMIR;1
Administrador;FormCliente.NUEVO;1
Administrador;FormConfiguracion.EDITAR;1
Administrador;FormConfiguracion.ELIMINAR;1
Administrador;FormConfiguracion.GUARDAR;1
Administrador;FormCuentaCorrienteMovimientos.EDITAR;1
Administrador;FormCuentaCorrienteMovimientos.ELIMINAR;1
Administrador;FormCuentaCorrienteMovimientos.EXPORTAR;1
Administrador;FormCuentaCorrienteMovimientos.GUARDAR;1
Administrador;FormCuentaCorrienteMovimientos.IMPRIMIR;1
Administrador;FormCuentaCorrienteMovimientos.NUEVO;1
Administrador;FormGestionCuentasCorrientes.EDITAR;1
Administrador;FormGestionCuentasCorrientes.ELIMINAR;1
Administrador;FormGestionCuentasCorrientes.EXPORTAR;1
Administrador;FormGestionCuentasCorrientes.GUARDAR;1
Administrador;FormGestionCuentasCorrientes.IMPRIMIR;1
Administrador;FormGestionCuentasCorrientes.NUEVO;1
Administrador;FormHistoriaClinica.IMPRIMIR;1
Administrador;FormHistorialTurnos.IMPRIMIR;1
Administrador;FormHospitalizaciones.EDITAR;1
Administrador;FormHospitalizaciones.ELIMINAR;1
Administrador;FormHospitalizaciones.EXPORTAR;1
Administrador;FormHospitalizaciones.GUARDAR;1
Administrador;FormHospitalizaciones.IMPRIMIR;1
Administrador;FormHospitalizaciones.NUEVO;1
Administrador;FormLaboratorio.EDITAR;1
Administrador;FormLaboratorio.ELIMINAR;1
Administrador;FormLaboratorio.EXPORTAR;1
Administrador;FormLaboratorio.GUARDAR;1
Administrador;FormLaboratorio.IMPRIMIR;1
Administrador;FormLaboratorio.NUEVO;1
Administrador;FormMascota.EDITAR;1
Administrador;FormMascota.ELIMINAR;1
Administrador;FormMascota.EXPORTAR;1
Administrador;FormMascota.GUARDAR;1
Administrador;FormMascota.IMPRIMIR;1
Administrador;FormMascota.NUEVO;1
Administrador;FormOrdenesCompra.AGREGAR;1
Administrador;FormOrdenesCompra.EDITAR;1
Administrador;FormOrdenesCompra.ELIMINAR;1
Administrador;FormOrdenesCompra.GUARDAR;1
Administrador;FormOrdenesCompra.QUITAR;1
Administrador;FormProcedimientos.EDITAR;1
Administrador;FormProcedimientos.ELIMINAR;1
Administrador;FormProcedimientos.EXPORTAR;1
Administrador;FormProcedimientos.GUARDAR;1
Administrador;FormProcedimientos.IMPRIMIR;1
Administrador;FormProcedimientos.NUEVO;1
Administrador;FormProducto.EDITAR;1
Administrador;FormProducto.ELIMINAR;1
Administrador;FormProducto.EXPORTAR;1
Administrador;FormProducto.GUARDAR;1
Administrador;FormProducto.IMPRIMIR;1
Administrador;FormProducto.NUEVO;1
Administrador;FormProveedores.EDITAR;1
Administrador;FormProveedores.ELIMINAR;1
Administrador;FormProveedores.EXPORTAR;1
Administrador;FormProveedores.GUARDAR;1
Administrador;FormProveedores.IMPRIMIR;1
Administrador;FormProveedores.NUEVO;1
Administrador;FormRecibirPedido.ANULAR;1
Administrador;FormRecibirPedido.GUARDAR;1
Administrador;FormStockProducto.IMPRIMIR;1
Administrador;FormTurnosPeluqueria.EDITAR;1
Administrador;FormTurnosPeluqueria.ELIMINAR;1
Administrador;FormTurnosPeluqueria.EXPORTAR;1
Administrador;FormTurnosPeluqueria.GUARDAR;1
Administrador;FormTurnosPeluqueria.IMPRIMIR;1
Administrador;FormTurnosPeluqueria.NUEVO;1
Administrador;FormUsuario.EDITAR;1
Administrador;FormUsuario.ELIMINAR;1
Administrador;FormUsuario.EXPORTAR;1
Administrador;FormUsuario.GUARDAR;1
Administrador;FormUsuario.IMPRIMIR;1
Administrador;FormUsuario.NUEVO;1
Administrador;FormVisita.EDITAR;1
Administrador;FormVisita.CANCELAR;1
Administrador;FormVisita.ELIMINAR;1
Administrador;FormVisita.EXPORTAR;1
Administrador;FormVisita.GUARDAR;1
Administrador;FormVisita.IMPRIMIR;1
Administrador;FormVisita.NUEVO;1
Asistente;ClassConfig;0
Asistente;FormAccesoRestringido;1
Asistente;FormAuditoria;0
Asistente;FormActualizarStock;0
Asistente;FormCajaRegistradora;1
Asistente;FormCliente;1
Asistente;FormConfiguracion;0
Asistente;FormConsumos;1
Asistente;FormCuentaCorrienteMovimientos;1
Asistente;FormGestionCuentasCorrientes;0
Asistente;FormGestionarPedidos;1
Asistente;FormHistoriaClinica;1
Asistente;FormHistorialTurnos;1
Asistente;FormHospitalizaciones;1
Asistente;FormLaboratorio;1
Asistente;FormMascota;1
Asistente;FormOrdenesCompra;1
Asistente;FormProcedimientos;1
Asistente;FormProducto;1
Asistente;FormProveedores;1
Asistente;FormRecibirPedido;1
Asistente;FormStockProducto;1
Asistente;FormTurnosPeluqueria;1
Asistente;FormUsuario;0
Asistente;FormVisita;1
Asistente;FormActualizarStock.IMPRIMIR;1
Asistente;FormAuditoria.IMPRIMIR;0
Asistente;FormCajaRegistradora.ABRIR_CAJA;0
Asistente;FormCajaRegistradora.AGREGAR_METODO_PAGO;1
Asistente;FormCajaRegistradora.AGREGAR_PRODUCTO_VENTA;1
Asistente;FormCajaRegistradora.CERRAR_CAJA;0
Asistente;FormCajaRegistradora.EDITAR;1
Asistente;FormCajaRegistradora.ELIMINAR;0
Asistente;FormCajaRegistradora.EXPORTAR;1
Asistente;FormCajaRegistradora.GUARDAR;1
Asistente;FormCajaRegistradora.IMPRIMIR;1
Asistente;FormCajaRegistradora.NUEVO;1
Asistente;FormCajaRegistradora.REGISTRAR_COBRO_CC;1
Asistente;FormCajaRegistradora.REGISTRAR_VENTA;1
Asistente;FormCliente.EDITAR;1
Asistente;FormCliente.ELIMINAR;0
Asistente;FormCliente.EXPORTAR;1
Asistente;FormCliente.GUARDAR;1
Asistente;FormCliente.IMPRIMIR;1
Asistente;FormCliente.NUEVO;1
Asistente;FormConfiguracion.EDITAR;0
Asistente;FormConfiguracion.ELIMINAR;0
Asistente;FormConfiguracion.GUARDAR;0
Asistente;FormCuentaCorrienteMovimientos.EDITAR;0
Asistente;FormCuentaCorrienteMovimientos.ELIMINAR;0
Asistente;FormCuentaCorrienteMovimientos.EXPORTAR;1
Asistente;FormCuentaCorrienteMovimientos.GUARDAR;0
Asistente;FormCuentaCorrienteMovimientos.IMPRIMIR;1
Asistente;FormCuentaCorrienteMovimientos.NUEVO;0
Asistente;FormGestionCuentasCorrientes.EDITAR;0
Asistente;FormGestionCuentasCorrientes.ELIMINAR;0
Asistente;FormGestionCuentasCorrientes.EXPORTAR;1
Asistente;FormGestionCuentasCorrientes.GUARDAR;1
Asistente;FormGestionCuentasCorrientes.IMPRIMIR;1
Asistente;FormGestionCuentasCorrientes.NUEVO;1
Asistente;FormHistoriaClinica.IMPRIMIR;1
Asistente;FormHistorialTurnos.IMPRIMIR;1
Asistente;FormHospitalizaciones.EDITAR;1
Asistente;FormHospitalizaciones.ELIMINAR;0
Asistente;FormHospitalizaciones.EXPORTAR;1
Asistente;FormHospitalizaciones.GUARDAR;1
Asistente;FormHospitalizaciones.IMPRIMIR;1
Asistente;FormHospitalizaciones.NUEVO;1
Asistente;FormLaboratorio.EDITAR;1
Asistente;FormLaboratorio.ELIMINAR;0
Asistente;FormLaboratorio.EXPORTAR;1
Asistente;FormLaboratorio.GUARDAR;1
Asistente;FormLaboratorio.IMPRIMIR;1
Asistente;FormLaboratorio.NUEVO;1
Asistente;FormMascota.EDITAR;1
Asistente;FormMascota.ELIMINAR;0
Asistente;FormMascota.EXPORTAR;1
Asistente;FormMascota.GUARDAR;1
Asistente;FormMascota.IMPRIMIR;1
Asistente;FormMascota.NUEVO;1
Asistente;FormOrdenesCompra.AGREGAR;1
Asistente;FormOrdenesCompra.EDITAR;1
Asistente;FormOrdenesCompra.ELIMINAR;1
Asistente;FormOrdenesCompra.GUARDAR;1
Asistente;FormOrdenesCompra.QUITAR;1
Asistente;FormProcedimientos.EDITAR;1
Asistente;FormProcedimientos.ELIMINAR;1
Asistente;FormProcedimientos.EXPORTAR;1
Asistente;FormProcedimientos.GUARDAR;1
Asistente;FormProcedimientos.IMPRIMIR;1
Asistente;FormProcedimientos.NUEVO;1
Asistente;FormProducto.EDITAR;1
Asistente;FormProducto.ELIMINAR;1
Asistente;FormProducto.EXPORTAR;1
Asistente;FormProducto.GUARDAR;1
Asistente;FormProducto.IMPRIMIR;1
Asistente;FormProducto.NUEVO;1
Asistente;FormProveedores.EDITAR;1
Asistente;FormProveedores.ELIMINAR;1
Asistente;FormProveedores.EXPORTAR;1
Asistente;FormProveedores.GUARDAR;1
Asistente;FormProveedores.IMPRIMIR;1
Asistente;FormProveedores.NUEVO;1
Asistente;FormRecibirPedido.ANULAR;1
Asistente;FormRecibirPedido.GUARDAR;1
Asistente;FormStockProducto.IMPRIMIR;1
Asistente;FormTurnosPeluqueria.EDITAR;1
Asistente;FormTurnosPeluqueria.ELIMINAR;1
Asistente;FormTurnosPeluqueria.EXPORTAR;1
Asistente;FormTurnosPeluqueria.GUARDAR;1
Asistente;FormTurnosPeluqueria.IMPRIMIR;1
Asistente;FormTurnosPeluqueria.NUEVO;1
Asistente;FormUsuario.EDITAR;0
Asistente;FormUsuario.ELIMINAR;0
Asistente;FormUsuario.EXPORTAR;0
Asistente;FormUsuario.GUARDAR;0
Asistente;FormUsuario.IMPRIMIR;0
Asistente;FormUsuario.NUEVO;0
Asistente;FormVisita.EDITAR;1
Asistente;FormVisita.CANCELAR;1
Asistente;FormVisita.EXPORTAR;1
Asistente;FormVisita.GUARDAR;1
Asistente;FormVisita.IMPRIMIR;1
Asistente;FormVisita.NUEVO;1
Veterinario;ClassConfig;0
Veterinario;FormAccesoRestringido;1
Veterinario;FormAuditoria;0
Veterinario;FormActualizarStock;0
Veterinario;FormCajaRegistradora;0
Veterinario;FormCliente;1
Veterinario;FormConfiguracion;0
Veterinario;FormConsumos;0
Veterinario;FormCuentaCorrienteMovimientos;0
Veterinario;FormGestionCuentasCorrientes;0
Veterinario;FormGestionarPedidos;0
Veterinario;FormHistoriaClinica;1
Veterinario;FormHistorialTurnos;1
Veterinario;FormHospitalizaciones;1
Veterinario;FormLaboratorio;1
Veterinario;FormMascota;1
Veterinario;FormOrdenesCompra;0
Veterinario;FormProcedimientos;1
Veterinario;FormProducto;0
Veterinario;FormProveedores;0
Veterinario;FormRecibirPedido;0
Veterinario;FormStockProducto;0
Veterinario;FormTurnosPeluqueria;1
Veterinario;FormUsuario;0
Veterinario;FormVisita;1
Veterinario;FormActualizarStock.IMPRIMIR;0
Veterinario;FormAuditoria.IMPRIMIR;0
Veterinario;FormCajaRegistradora.ABRIR_CAJA;0
Veterinario;FormCajaRegistradora.AGREGAR_METODO_PAGO;0
Veterinario;FormCajaRegistradora.AGREGAR_PRODUCTO_VENTA;0
Veterinario;FormCajaRegistradora.CERRAR_CAJA;0
Veterinario;FormCajaRegistradora.EDITAR;0
Veterinario;FormCajaRegistradora.ELIMINAR;0
Veterinario;FormCajaRegistradora.EXPORTAR;0
Veterinario;FormCajaRegistradora.GUARDAR;0
Veterinario;FormCajaRegistradora.IMPRIMIR;0
Veterinario;FormCajaRegistradora.NUEVO;0
Veterinario;FormCajaRegistradora.REGISTRAR_COBRO_CC;0
Veterinario;FormCajaRegistradora.REGISTRAR_VENTA;0
Veterinario;FormCliente.EDITAR;1
Veterinario;FormCliente.ELIMINAR;1
Veterinario;FormCliente.EXPORTAR;1
Veterinario;FormCliente.GUARDAR;1
Veterinario;FormCliente.IMPRIMIR;1
Veterinario;FormCliente.NUEVO;1
Veterinario;FormConfiguracion.EDITAR;0
Veterinario;FormConfiguracion.ELIMINAR;0
Veterinario;FormConfiguracion.GUARDAR;0
Veterinario;FormCuentaCorrienteMovimientos.EDITAR;0
Veterinario;FormCuentaCorrienteMovimientos.ELIMINAR;0
Veterinario;FormCuentaCorrienteMovimientos.EXPORTAR;0
Veterinario;FormCuentaCorrienteMovimientos.GUARDAR;0
Veterinario;FormCuentaCorrienteMovimientos.IMPRIMIR;0
Veterinario;FormCuentaCorrienteMovimientos.NUEVO;0
Veterinario;FormGestionCuentasCorrientes.EDITAR;0
Veterinario;FormGestionCuentasCorrientes.ELIMINAR;0
Veterinario;FormGestionCuentasCorrientes.EXPORTAR;0
Veterinario;FormGestionCuentasCorrientes.GUARDAR;0
Veterinario;FormGestionCuentasCorrientes.IMPRIMIR;0
Veterinario;FormGestionCuentasCorrientes.NUEVO;0
Veterinario;FormHistoriaClinica.IMPRIMIR;1
Veterinario;FormHistorialTurnos.IMPRIMIR;1
Veterinario;FormHospitalizaciones.EDITAR;1
Veterinario;FormHospitalizaciones.ELIMINAR;1
Veterinario;FormHospitalizaciones.EXPORTAR;1
Veterinario;FormHospitalizaciones.GUARDAR;1
Veterinario;FormHospitalizaciones.IMPRIMIR;1
Veterinario;FormHospitalizaciones.NUEVO;1
Veterinario;FormLaboratorio.EDITAR;1
Veterinario;FormLaboratorio.ELIMINAR;1
Veterinario;FormLaboratorio.EXPORTAR;1
Veterinario;FormLaboratorio.GUARDAR;1
Veterinario;FormLaboratorio.IMPRIMIR;1
Veterinario;FormLaboratorio.NUEVO;1
Veterinario;FormMascota.EDITAR;1
Veterinario;FormMascota.ELIMINAR;0
Veterinario;FormMascota.EXPORTAR;1
Veterinario;FormMascota.GUARDAR;1
Veterinario;FormMascota.IMPRIMIR;1
Veterinario;FormMascota.NUEVO;1
Veterinario;FormOrdenesCompra.AGREGAR;0
Veterinario;FormOrdenesCompra.EDITAR;0
Veterinario;FormOrdenesCompra.ELIMINAR;0
Veterinario;FormOrdenesCompra.GUARDAR;0
Veterinario;FormOrdenesCompra.QUITAR;0
Veterinario;FormProcedimientos.EDITAR;1
Veterinario;FormProcedimientos.ELIMINAR;1
Veterinario;FormProcedimientos.EXPORTAR;1
Veterinario;FormProcedimientos.GUARDAR;1
Veterinario;FormProcedimientos.IMPRIMIR;1
Veterinario;FormProcedimientos.NUEVO;1
Veterinario;FormProducto.EDITAR;0
Veterinario;FormProducto.ELIMINAR;0
Veterinario;FormProducto.EXPORTAR;0
Veterinario;FormProducto.GUARDAR;0
Veterinario;FormProducto.IMPRIMIR;0
Veterinario;FormProducto.NUEVO;0
Veterinario;FormProveedores.EDITAR;0
Veterinario;FormProveedores.ELIMINAR;0
Veterinario;FormProveedores.EXPORTAR;0
Veterinario;FormProveedores.GUARDAR;0
Veterinario;FormProveedores.IMPRIMIR;0
Veterinario;FormProveedores.NUEVO;0
Veterinario;FormRecibirPedido.ANULAR;0
Veterinario;FormRecibirPedido.GUARDAR;0
Veterinario;FormStockProducto.IMPRIMIR;0
Veterinario;FormTurnosPeluqueria.EDITAR;1
Veterinario;FormTurnosPeluqueria.ELIMINAR;1
Veterinario;FormTurnosPeluqueria.EXPORTAR;1
Veterinario;FormTurnosPeluqueria.GUARDAR;1
Veterinario;FormTurnosPeluqueria.IMPRIMIR;1
Veterinario;FormTurnosPeluqueria.NUEVO;1
Veterinario;FormUsuario.EDITAR;0
Veterinario;FormUsuario.ELIMINAR;0
Veterinario;FormUsuario.EXPORTAR;0
Veterinario;FormUsuario.GUARDAR;0
Veterinario;FormUsuario.IMPRIMIR;0
Veterinario;FormUsuario.NUEVO;0
Veterinario;FormVisita.EDITAR;1
Veterinario;FormVisita.CANCELAR;1
Veterinario;FormVisita.EXPORTAR;1
Veterinario;FormVisita.GUARDAR;1
Veterinario;FormVisita.IMPRIMIR;1
Veterinario;FormVisita.NUEVO;1
Administrador;FormInformesCajaMovimientos;1
Administrador;PanelTiposCitaPeluqueria;1
Asistente;FormInformesCajaMovimientos;1
Asistente;PanelTiposCitaPeluqueria;0
Veterinario;FormInformesCajaMovimientos;0
Veterinario;PanelTiposCitaPeluqueria;0
Administrador;ClassConfig.EDITAR;1
Administrador;ClassConfig.ELIMINAR;1
Administrador;ClassConfig.GUARDAR;1
Asistente;ClassConfig.EDITAR;0
Asistente;ClassConfig.ELIMINAR;0
Asistente;ClassConfig.GUARDAR;0
Veterinario;ClassConfig.EDITAR;0
Veterinario;ClassConfig.ELIMINAR;0
Veterinario;ClassConfig.GUARDAR;0
